[
  {
    "model": "carto_app.serveur",
    "pk": "d2e459f2-d218-4528-babd-8e215874b6d3",
    "fields": {
      "nom": "Serveur-1",
      "type": "physique",
      "localisation": "Sainte Michelle",
      "cycle_vie": "archiv\u00e9"
    }
  },
  {
    "model": "carto_app.serveur",
    "pk": "16c67f54-a35b-4698-880c-ee0255136e72",
    "fields": {
      "nom": "Serveur-2",
      "type": "physique",
      "localisation": "Sainte Paul",
      "cycle_vie": "production"
    }
  },
  {
    "model": "carto_app.serveur",
    "pk": "0686931d-6cff-4279-aef6-f885acbefe59",
    "fields": {
      "nom": "Serveur-3",
      "type": "virtuel",
      "localisation": "Meunier",
      "cycle_vie": "archiv\u00e9"
    }
  },
  {
    "model": "carto_app.serveur",
    "pk": "ded0ca59-d558-4a0b-a0df-5dcd17af3127",
    "fields": {
      "nom": "Serveur-4",
      "type": "physique",
      "localisation": "Da Silva",
      "cycle_vie": "d\u00e9veloppement"
    }
  },
  {
    "model": "carto_app.serveur",
    "pk": "1a77dd2e-955b-4207-a268-a76c241a0033",
    "fields": {
      "nom": "Serveur-5",
      "type": "physique",
      "localisation": "Rogerboeuf",
      "cycle_vie": "production"
    }
  },
  {
    "model": "carto_app.servicemetier",
    "pk": "5601dc71-0c48-454b-a2b2-efa6523b23cf",
    "fields": {
      "nom": "Service M\u00e9tier 1",
      "description": "Jour membre suivant appeler lors perdu espoir."
    }
  },
  {
    "model": "carto_app.servicemetier",
    "pk": "c0fb594d-dfa9-4c3e-9165-64794da4e1c9",
    "fields": {
      "nom": "Service M\u00e9tier 2",
      "description": "Qui boire petit police recevoir figurer."
    }
  },
  {
    "model": "carto_app.servicemetier",
    "pk": "fd146a34-c050-42c9-9a66-07766d3fcd53",
    "fields": {
      "nom": "Service M\u00e9tier 3",
      "description": "Profond d\u00e8s hauteur lever."
    }
  },
  {
    "model": "carto_app.servicemetier",
    "pk": "4b00c27b-a752-4cd4-bf2b-95d91c8febc6",
    "fields": {
      "nom": "Service M\u00e9tier 4",
      "description": "Acte c\u00f4t\u00e9 hasard offrir chambre salle joue."
    }
  },
  {
    "model": "carto_app.servicemetier",
    "pk": "f581277d-9152-4ccd-a6ce-cf5555375e69",
    "fields": {
      "nom": "Service M\u00e9tier 5",
      "description": "Dominer causer visite compagnon col\u00e8re milieu paix."
    }
  },
  {
    "model": "carto_app.application",
    "pk": "dac3a9e7-ff47-42e6-9631-0babcd0d0121",
    "fields": {
      "nom": "Application-1",
      "version": "1.4",
      "serveur": "0686931d-6cff-4279-aef6-f885acbefe59",
      "cycle_vie": "actif",
      "responsable": "Richard Lopez"
    }
  },
  {
    "model": "carto_app.application",
    "pk": "d0a58e8b-7c00-4491-a24e-c1af2e6b292e",
    "fields": {
      "nom": "Application-2",
      "version": "1.5",
      "serveur": "0686931d-6cff-4279-aef6-f885acbefe59",
      "cycle_vie": "en test",
      "responsable": "\u00c9lodie Charrier"
    }
  },
  {
    "model": "carto_app.application",
    "pk": "71d62e52-5e34-466c-a5ab-01ef750b3ea0",
    "fields": {
      "nom": "Application-3",
      "version": "2.3",
      "serveur": "d2e459f2-d218-4528-babd-8e215874b6d3",
      "cycle_vie": "en test",
      "responsable": "Christophe Delahaye"
    }
  },
  {
    "model": "carto_app.application",
    "pk": "9b7c6fb4-2394-4106-a896-baa491062206",
    "fields": {
      "nom": "Application-4",
      "version": "2.8",
      "serveur": "0686931d-6cff-4279-aef6-f885acbefe59",
      "cycle_vie": "actif",
      "responsable": "Beno\u00eet Ferreira"
    }
  },
  {
    "model": "carto_app.application",
    "pk": "35e870a3-f17b-4651-813e-c18de19f7486",
    "fields": {
      "nom": "Application-5",
      "version": "2.5",
      "serveur": "16c67f54-a35b-4698-880c-ee0255136e72",
      "cycle_vie": "actif",
      "responsable": "\u00c9l\u00e9onore B\u00e8gue"
    }
  },
  {
    "model": "carto_app.application",
    "pk": "442b0e43-426f-4258-9075-ee366fe89ff1",
    "fields": {
      "nom": "Application-6",
      "version": "1.6",
      "serveur": "ded0ca59-d558-4a0b-a0df-5dcd17af3127",
      "cycle_vie": "actif",
      "responsable": "Christelle Blanc de Poirier"
    }
  },
  {
    "model": "carto_app.application",
    "pk": "ed9a7f2e-083c-456c-9c66-017064f601ec",
    "fields": {
      "nom": "Application-7",
      "version": "1.7",
      "serveur": "0686931d-6cff-4279-aef6-f885acbefe59",
      "cycle_vie": "actif",
      "responsable": "Tristan Perret"
    }
  },
  {
    "model": "carto_app.application",
    "pk": "de58a3d4-acd7-4d44-9449-be8b6883dae0",
    "fields": {
      "nom": "Application-8",
      "version": "3.9",
      "serveur": "d2e459f2-d218-4528-babd-8e215874b6d3",
      "cycle_vie": "en test",
      "responsable": "Margaud de la Maillot"
    }
  },
  {
    "model": "carto_app.application",
    "pk": "94973806-8452-42f1-abef-20ee29013a6a",
    "fields": {
      "nom": "Application-9",
      "version": "2.4",
      "serveur": "0686931d-6cff-4279-aef6-f885acbefe59",
      "cycle_vie": "actif",
      "responsable": "Gilles Roche-Picard"
    }
  },
  {
    "model": "carto_app.application",
    "pk": "016623f0-2e60-49b9-bb2e-1f523eb0c860",
    "fields": {
      "nom": "Application-10",
      "version": "1.4",
      "serveur": "d2e459f2-d218-4528-babd-8e215874b6d3",
      "cycle_vie": "en test",
      "responsable": "Alexandrie L\u00e9vy"
    }
  },
  {
    "model": "carto_app.basededonnees",
    "pk": "2858326b-9b1d-439f-87d4-6552f5a93fdd",
    "fields": {
      "nom": "DB-App1",
      "type": "PostgreSQL",
      "serveur": "0686931d-6cff-4279-aef6-f885acbefe59",
      "application": "dac3a9e7-ff47-42e6-9631-0babcd0d0121",
      "cycle_vie": "archiv\u00e9"
    }
  },
  {
    "model": "carto_app.basededonnees",
    "pk": "4a30b264-ad9b-41c3-8139-1a6a7afe44dc",
    "fields": {
      "nom": "DB-App2",
      "type": "Oracle",
      "serveur": "0686931d-6cff-4279-aef6-f885acbefe59",
      "application": "d0a58e8b-7c00-4491-a24e-c1af2e6b292e",
      "cycle_vie": "archiv\u00e9"
    }
  },
  {
    "model": "carto_app.basededonnees",
    "pk": "cd6aa7e4-92b7-45fb-863e-19515a047a0c",
    "fields": {
      "nom": "DB-App3",
      "type": "PostgreSQL",
      "serveur": "d2e459f2-d218-4528-babd-8e215874b6d3",
      "application": "71d62e52-5e34-466c-a5ab-01ef750b3ea0",
      "cycle_vie": "archiv\u00e9"
    }
  },
  {
    "model": "carto_app.basededonnees",
    "pk": "b859e479-e75f-47e5-b751-9ff1ae6ee0da",
    "fields": {
      "nom": "DB-App4",
      "type": "PostgreSQL",
      "serveur": "0686931d-6cff-4279-aef6-f885acbefe59",
      "application": "9b7c6fb4-2394-4106-a896-baa491062206",
      "cycle_vie": "actif"
    }
  },
  {
    "model": "carto_app.basededonnees",
    "pk": "53581303-06b4-42a7-bb7a-516fd4c875e2",
    "fields": {
      "nom": "DB-App5",
      "type": "PostgreSQL",
      "serveur": "16c67f54-a35b-4698-880c-ee0255136e72",
      "application": "35e870a3-f17b-4651-813e-c18de19f7486",
      "cycle_vie": "actif"
    }
  },
  {
    "model": "carto_app.basededonnees",
    "pk": "30e45386-3d01-4f15-9876-51e5024819b6",
    "fields": {
      "nom": "DB-App6",
      "type": "Oracle",
      "serveur": "ded0ca59-d558-4a0b-a0df-5dcd17af3127",
      "application": "442b0e43-426f-4258-9075-ee366fe89ff1",
      "cycle_vie": "actif"
    }
  },
  {
    "model": "carto_app.basededonnees",
    "pk": "5987a4b1-f80b-4593-8cbf-7359e6fb194c",
    "fields": {
      "nom": "DB-App7",
      "type": "Oracle",
      "serveur": "0686931d-6cff-4279-aef6-f885acbefe59",
      "application": "ed9a7f2e-083c-456c-9c66-017064f601ec",
      "cycle_vie": "archiv\u00e9"
    }
  },
  {
    "model": "carto_app.basededonnees",
    "pk": "db486817-26fe-459e-937c-81180bb50408",
    "fields": {
      "nom": "DB-App8",
      "type": "Oracle",
      "serveur": "d2e459f2-d218-4528-babd-8e215874b6d3",
      "application": "de58a3d4-acd7-4d44-9449-be8b6883dae0",
      "cycle_vie": "actif"
    }
  },
  {
    "model": "carto_app.basededonnees",
    "pk": "5200b548-2e38-4163-84b0-ccb28dbec9b8",
    "fields": {
      "nom": "DB-App9",
      "type": "PostgreSQL",
      "serveur": "0686931d-6cff-4279-aef6-f885acbefe59",
      "application": "94973806-8452-42f1-abef-20ee29013a6a",
      "cycle_vie": "archiv\u00e9"
    }
  },
  {
    "model": "carto_app.basededonnees",
    "pk": "4cb6a3a9-3ebc-4553-ae32-9bfb9d0dbf9d",
    "fields": {
      "nom": "DB-App10",
      "type": "MySQL",
      "serveur": "d2e459f2-d218-4528-babd-8e215874b6d3",
      "application": "016623f0-2e60-49b9-bb2e-1f523eb0c860",
      "cycle_vie": "archiv\u00e9"
    }
  },
  {
    "model": "carto_app.interface",
    "pk": "5b4050c4-6fa9-4505-9e40-d14eada51aef",
    "fields": {
      "nom": "Interface-0",
      "type": "API",
      "protocole": "REST",
      "source_application": "ed9a7f2e-083c-456c-9c66-017064f601ec",
      "cible_application": "71d62e52-5e34-466c-a5ab-01ef750b3ea0"
    }
  },
  {
    "model": "carto_app.interface",
    "pk": "9ab6cf5a-37a2-45d4-b69e-4b9510b9705d",
    "fields": {
      "nom": "Interface-1",
      "type": "API",
      "protocole": "SOAP",
      "source_application": "dac3a9e7-ff47-42e6-9631-0babcd0d0121",
      "cible_application": "71d62e52-5e34-466c-a5ab-01ef750b3ea0"
    }
  },
  {
    "model": "carto_app.interface",
    "pk": "0b01958c-1b97-494e-9a7d-f86def8b09c1",
    "fields": {
      "nom": "Interface-2",
      "type": "API",
      "protocole": "FTP",
      "source_application": "ed9a7f2e-083c-456c-9c66-017064f601ec",
      "cible_application": "35e870a3-f17b-4651-813e-c18de19f7486"
    }
  },
  {
    "model": "carto_app.interface",
    "pk": "5b9c0fb7-21d2-4da6-9b27-9018936f1f89",
    "fields": {
      "nom": "Interface-3",
      "type": "API",
      "protocole": "REST",
      "source_application": "71d62e52-5e34-466c-a5ab-01ef750b3ea0",
      "cible_application": "de58a3d4-acd7-4d44-9449-be8b6883dae0"
    }
  },
  {
    "model": "carto_app.interface",
    "pk": "670c729c-922b-4600-b109-7451ae2e15af",
    "fields": {
      "nom": "Interface-4",
      "type": "API",
      "protocole": "REST",
      "source_application": "de58a3d4-acd7-4d44-9449-be8b6883dae0",
      "cible_application": "ed9a7f2e-083c-456c-9c66-017064f601ec"
    }
  },
  {
    "model": "carto_app.appservicemetier",
    "fields": {
      "application": "dac3a9e7-ff47-42e6-9631-0babcd0d0121",
      "service_metier": "4b00c27b-a752-4cd4-bf2b-95d91c8febc6"
    }
  },
  {
    "model": "carto_app.appservicemetier",
    "fields": {
      "application": "d0a58e8b-7c00-4491-a24e-c1af2e6b292e",
      "service_metier": "fd146a34-c050-42c9-9a66-07766d3fcd53"
    }
  },
  {
    "model": "carto_app.appservicemetier",
    "fields": {
      "application": "71d62e52-5e34-466c-a5ab-01ef750b3ea0",
      "service_metier": "f581277d-9152-4ccd-a6ce-cf5555375e69"
    }
  },
  {
    "model": "carto_app.appservicemetier",
    "fields": {
      "application": "9b7c6fb4-2394-4106-a896-baa491062206",
      "service_metier": "f581277d-9152-4ccd-a6ce-cf5555375e69"
    }
  },
  {
    "model": "carto_app.appservicemetier",
    "fields": {
      "application": "35e870a3-f17b-4651-813e-c18de19f7486",
      "service_metier": "fd146a34-c050-42c9-9a66-07766d3fcd53"
    }
  },
  {
    "model": "carto_app.appservicemetier",
    "fields": {
      "application": "442b0e43-426f-4258-9075-ee366fe89ff1",
      "service_metier": "fd146a34-c050-42c9-9a66-07766d3fcd53"
    }
  },
  {
    "model": "carto_app.appservicemetier",
    "fields": {
      "application": "ed9a7f2e-083c-456c-9c66-017064f601ec",
      "service_metier": "f581277d-9152-4ccd-a6ce-cf5555375e69"
    }
  },
  {
    "model": "carto_app.appservicemetier",
    "fields": {
      "application": "de58a3d4-acd7-4d44-9449-be8b6883dae0",
      "service_metier": "5601dc71-0c48-454b-a2b2-efa6523b23cf"
    }
  },
  {
    "model": "carto_app.appservicemetier",
    "fields": {
      "application": "94973806-8452-42f1-abef-20ee29013a6a",
      "service_metier": "5601dc71-0c48-454b-a2b2-efa6523b23cf"
    }
  },
  {
    "model": "carto_app.appservicemetier",
    "fields": {
      "application": "016623f0-2e60-49b9-bb2e-1f523eb0c860",
      "service_metier": "c0fb594d-dfa9-4c3e-9165-64794da4e1c9"
    }
  },
  {
    "model": "carto_app.utilisateur",
    "pk": "a01c5187-5b56-4bbf-ac73-a32bc450cd1c",
    "fields": {
      "nom": "Sanchez",
      "prenom": "Franck",
      "email": "lucy47@gmail.com",
      "fonction": "D\u00e9veloppeur",
      "service_metier": "5601dc71-0c48-454b-a2b2-efa6523b23cf"
    }
  },
  {
    "model": "carto_app.utilisateur",
    "pk": "2d3a3ec0-7da9-4f21-b225-13f5300decfa",
    "fields": {
      "nom": "Chr\u00e9tien",
      "prenom": "Jos\u00e9phine",
      "email": "hamelcapucine@bouygtel.fr",
      "fonction": "Chef de projet",
      "service_metier": "5601dc71-0c48-454b-a2b2-efa6523b23cf"
    }
  },
  {
    "model": "carto_app.utilisateur",
    "pk": "30437f1b-3a8d-49cc-be27-bea023a66a24",
    "fields": {
      "nom": "Masson",
      "prenom": "Anouk",
      "email": "hebertemmanuelle@laine.com",
      "fonction": "Responsable SI",
      "service_metier": "c0fb594d-dfa9-4c3e-9165-64794da4e1c9"
    }
  },
  {
    "model": "carto_app.utilisateur",
    "pk": "02afa567-51a1-4cf4-af78-24c6e9a813db",
    "fields": {
      "nom": "Martins",
      "prenom": "Hugues",
      "email": "mariegarnier@guyon.com",
      "fonction": "Analyste",
      "service_metier": "c0fb594d-dfa9-4c3e-9165-64794da4e1c9"
    }
  },
  {
    "model": "carto_app.utilisateur",
    "pk": "60caadba-e1c6-48f6-9f6c-e3ad376b29fc",
    "fields": {
      "nom": "Martin",
      "prenom": "Ad\u00e8le",
      "email": "bhardy@bouchet.com",
      "fonction": "D\u00e9veloppeur",
      "service_metier": "fd146a34-c050-42c9-9a66-07766d3fcd53"
    }
  },
  {
    "model": "carto_app.utilisateur",
    "pk": "562e5e06-2d2d-4988-8a4e-ee11638751fa",
    "fields": {
      "nom": "Camus",
      "prenom": "Monique",
      "email": "maillotsimone@dupuy.com",
      "fonction": "D\u00e9veloppeur",
      "service_metier": "fd146a34-c050-42c9-9a66-07766d3fcd53"
    }
  },
  {
    "model": "carto_app.utilisateur",
    "pk": "dd8fb5d7-3839-4e9d-af47-8556c9a2f983",
    "fields": {
      "nom": "Vincent",
      "prenom": "R\u00e9my",
      "email": "carrelaurence@delorme.com",
      "fonction": "Responsable SI",
      "service_metier": "4b00c27b-a752-4cd4-bf2b-95d91c8febc6"
    }
  },
  {
    "model": "carto_app.utilisateur",
    "pk": "b53b01cb-1b69-468a-bb4f-bf88d16aaf8f",
    "fields": {
      "nom": "Germain",
      "prenom": "Claude",
      "email": "andre02@yahoo.fr",
      "fonction": "Chef de projet",
      "service_metier": "4b00c27b-a752-4cd4-bf2b-95d91c8febc6"
    }
  },
  {
    "model": "carto_app.utilisateur",
    "pk": "12e81a36-2d9f-4d26-8ba7-2d10853715de",
    "fields": {
      "nom": "Renaud",
      "prenom": "Julien",
      "email": "reyaurelie@noos.fr",
      "fonction": "Analyste",
      "service_metier": "f581277d-9152-4ccd-a6ce-cf5555375e69"
    }
  },
  {
    "model": "carto_app.utilisateur",
    "pk": "e47b2f02-3271-4456-99b0-a7de2f0678ab",
    "fields": {
      "nom": "Rolland",
      "prenom": "Claire",
      "email": "adele21@bouygtel.fr",
      "fonction": "Analyste",
      "service_metier": "f581277d-9152-4ccd-a6ce-cf5555375e69"
    }
  }
]